<hello xmlns="urn:ietf:params:xml:ns:netconf:base:1.0">
<capabilities>
<capability>urn:ietf:params:netconf:base:1.0</capability>
<capability>urn:ietf:params:netconf:base:1.1</capability>
<capability>urn:ietf:params:netconf:capability:writable-running:1.0</capability>
<capability>urn:ietf:params:netconf:capability:candidate:1.0</capability>
<capability>urn:ietf:params:netconf:capability:xpath:1.0</capability>
<capability>urn:ietf:params:netconf:capability:validate:1.0</capability>
<capability>urn:ietf:params:netconf:capability:validate:1.1</capability>
<capability>urn:ietf:params:netconf:capability:rollback-on-error:1.0</capability>
<capability>urn:ietf:params:netconf:capability:notification:1.0</capability>
<capability>urn:ietf:params:netconf:capability:interleave:1.0</capability>
<capability>urn:ietf:params:netconf:capability:with-defaults:1.0?basic-mode=explicit&amp;also-supported=report-all-tagged</capability>
<capability>urn:ietf:params:netconf:capability:yang-library:1.0?revision=2016-06-21&amp;module-set-id=acce0ce83f91384b37a1a56d7caf9dff</capability>
<capability>http://tail-f.com/ns/netconf/actions/1.0</capability>
<capability>http://tail-f.com/ns/netconf/extensions</capability>
<capability>http://cisco.com/ns/cisco-xe-ietf-ip-deviation?module=cisco-xe-ietf-ip-deviation&amp;revision=2016-08-10</capability>
<capability>http://cisco.com/ns/cisco-xe-ietf-ipv4-unicast-routing-deviation?module=cisco-xe-ietf-ipv4-unicast-routing-deviation&amp;revision=2015-09-11</capability>
<capability>http://cisco.com/ns/cisco-xe-ietf-ipv6-unicast-routing-deviation?module=cisco-xe-ietf-ipv6-unicast-routing-deviation&amp;revision=2015-09-11</capability>
<capability>http://cisco.com/ns/cisco-xe-ietf-ospf-deviation?module=cisco-xe-ietf-ospf-deviation&amp;revision=2018-02-09</capability>
<capability>http://cisco.com/ns/cisco-xe-ietf-routing-deviation?module=cisco-xe-ietf-routing-deviation&amp;revision=2016-07-09</capability>
<capability>http://cisco.com/ns/cisco-xe-openconfig-acl-deviation?module=cisco-xe-openconfig-acl-deviation&amp;revision=2017-08-25</capability>
<capability>http://cisco.com/ns/mpls-static/devs?module=common-mpls-static-devs&amp;revision=2015-09-11</capability>
<capability>http://cisco.com/ns/nvo/devs?module=nvo-devs&amp;revision=2015-09-11</capability>
<capability>http://cisco.com/ns/yang/Cisco-IOS-XE-aaa?module=Cisco-IOS-XE-aaa&amp;revision=2018-01-15</capability>
<capability>http://cisco.com/ns/yang/Cisco-IOS-XE-aaa-oper?module=Cisco-IOS-XE-aaa-oper&amp;revision=2018-04-16</capability>
<capability>http://cisco.com/ns/yang/Cisco-IOS-XE-acl?module=Cisco-IOS-XE-acl&amp;revision=2018-11-13</capability>
<capability>http://cisco.com/ns/yang/Cisco-IOS-XE-acl-oper?module=Cisco-IOS-XE-acl-oper&amp;revision=2017-02-07</capability>
<capability>http://cisco.com/ns/yang/Cisco-IOS-XE-arp?module=Cisco-IOS-XE-arp&amp;revision=2018-06-28</capability>
<capability>http://cisco.com/ns/yang/Cisco-IOS-XE-arp-oper?module=Cisco-IOS-XE-arp-oper&amp;revision=2017-12-13</capability>
<capability>http://cisco.com/ns/yang/Cisco-IOS-XE-avb?module=Cisco-IOS-XE-avb&amp;revision=2017-09-19</capability>
<capability>http://cisco.com/ns/yang/Cisco-IOS-XE-bfd?module=Cisco-IOS-XE-bfd&amp;revision=2018-10-10</capability>
<capability>http://cisco.com/ns/yang/Cisco-IOS-XE-bfd-oper?module=Cisco-IOS-XE-bfd-oper&amp;revision=2017-09-10</capability>
<capability>http://cisco.com/ns/yang/Cisco-IOS-XE-bgp?module=Cisco-IOS-XE-bgp&amp;revision=2019-01-09</capability>
<capability>http://cisco.com/ns/yang/Cisco-IOS-XE-bgp-common-oper?module=Cisco-IOS-XE-bgp-common-oper&amp;revision=2017-02-07</capability>
<capability>http://cisco.com/ns/yang/Cisco-IOS-XE-bgp-oper?module=Cisco-IOS-XE-bgp-oper&amp;revision=2017-09-25</capability>
<capability>http://cisco.com/ns/yang/Cisco-IOS-XE-bgp-route-oper?module=Cisco-IOS-XE-bgp-route-oper&amp;revision=2017-09-25</capability>
<capability>http://cisco.com/ns/yang/Cisco-IOS-XE-boot-integrity-oper?module=Cisco-IOS-XE-boot-integrity-oper&amp;revision=2018-01-31</capability>
<capability>http://cisco.com/ns/yang/Cisco-IOS-XE-breakout-port-oper?module=Cisco-IOS-XE-breakout-port-oper&amp;revision=2018-01-02</capability>
<capability>http://cisco.com/ns/yang/Cisco-IOS-XE-call-home?module=Cisco-IOS-XE-call-home&amp;revision=2018-10-11</capability>
<capability>http://cisco.com/ns/yang/Cisco-IOS-XE-cdp?module=Cisco-IOS-XE-cdp&amp;revision=2017-11-27</capability>
<capability>http://cisco.com/ns/yang/Cisco-IOS-XE-cdp-oper?module=Cisco-IOS-XE-cdp-oper&amp;revision=2017-09-21</capability>
<capability>http://cisco.com/ns/yang/Cisco-IOS-XE-cef?module=Cisco-IOS-XE-cef&amp;revision=2017-05-19&amp;features=asr1k-dpi</capability>
<capability>http://cisco.com/ns/yang/Cisco-IOS-XE-cellwan-oper?module=Cisco-IOS-XE-cellwan-oper&amp;revision=2018-05-18</capability>
<capability>http://cisco.com/ns/yang/Cisco-IOS-XE-cfm-oper?module=Cisco-IOS-XE-cfm-oper&amp;revision=2017-06-06</capability>
<capability>http://cisco.com/ns/yang/Cisco-IOS-XE-checkpoint-archive-oper?module=Cisco-IOS-XE-checkpoint-archive-oper&amp;revision=2017-04-01</capability>
<capability>http://cisco.com/ns/yang/Cisco-IOS-XE-coap?module=Cisco-IOS-XE-coap&amp;revision=2017-02-07</capability>
<capability>http://cisco.com/ns/yang/Cisco-IOS-XE-common-types?module=Cisco-IOS-XE-common-types&amp;revision=2017-12-01</capability>
<capability>http://cisco.com/ns/yang/Cisco-IOS-XE-crypto?module=Cisco-IOS-XE-crypto&amp;revision=2018-11-19</capability>
<capability>http://cisco.com/ns/yang/Cisco-IOS-XE-cts?module=Cisco-IOS-XE-cts&amp;revision=2017-11-27</capability>
<capability>http://cisco.com/ns/yang/Cisco-IOS-XE-device-hardware-oper?module=Cisco-IOS-XE-device-hardware-oper&amp;revision=2017-11-01</capability>
<capability>http://cisco.com/ns/yang/Cisco-IOS-XE-device-sensor?module=Cisco-IOS-XE-device-sensor&amp;revision=2017-02-07</capability>
<capability>http://cisco.com/ns/yang/Cisco-IOS-XE-device-tracking?module=Cisco-IOS-XE-device-tracking&amp;revision=2018-01-29</capability>
<capability>http://cisco.com/ns/yang/Cisco-IOS-XE-dhcp?module=Cisco-IOS-XE-dhcp&amp;revision=2019-01-04</capability>
<capability>http://cisco.com/ns/yang/Cisco-IOS-XE-dhcp-oper?module=Cisco-IOS-XE-dhcp-oper&amp;revision=2018-02-13</capability>
<capability>http://cisco.com/ns/yang/Cisco-IOS-XE-diagnostics?module=Cisco-IOS-XE-diagnostics&amp;revision=2017-02-07</capability>
<capability>http://cisco.com/ns/yang/Cisco-IOS-XE-dot1x?module=Cisco-IOS-XE-dot1x&amp;revision=2018-01-30</capability>
<capability>http://cisco.com/ns/yang/Cisco-IOS-XE-eem?module=Cisco-IOS-XE-eem&amp;revision=2017-12-20</capability>
<capability>http://cisco.com/ns/yang/Cisco-IOS-XE-efp-oper?module=Cisco-IOS-XE-efp-oper&amp;revision=2017-02-07</capability>
<capability>http://cisco.com/ns/yang/Cisco-IOS-XE-eigrp?module=Cisco-IOS-XE-eigrp&amp;revision=2018-06-28</capability>
<capability>http://cisco.com/ns/yang/Cisco-IOS-XE-environment-oper?module=Cisco-IOS-XE-environment-oper&amp;revision=2017-11-27</capability>
<capability>http://cisco.com/ns/yang/Cisco-IOS-XE-ethernet?module=Cisco-IOS-XE-ethernet&amp;revision=2018-07-25</capability>
<capability>http://cisco.com/ns/yang/Cisco-IOS-XE-event-history-types?module=Cisco-IOS-XE-event-history-types&amp;revision=2018-03-20</capability>
<capability>http://cisco.com/ns/yang/Cisco-IOS-XE-ezpm?module=Cisco-IOS-XE-ezpm&amp;revision=2017-11-27</capability>
<capability>http://cisco.com/ns/yang/Cisco-IOS-XE-features?module=Cisco-IOS-XE-features&amp;revision=2017-02-07&amp;features=vlan,table-map,switching-platform,qos-qsm,private-vlan,parameter-map,l2vpn,l2,dot1x,crypto</capability>
<capability>http://cisco.com/ns/yang/Cisco-IOS-XE-fib-oper?module=Cisco-IOS-XE-fib-oper&amp;revision=2018-03-07</capability>
<capability>http://cisco.com/ns/yang/Cisco-IOS-XE-flow?module=Cisco-IOS-XE-flow&amp;revision=2018-01-04</capability>
<capability>http://cisco.com/ns/yang/Cisco-IOS-XE-flow-monitor-oper?module=Cisco-IOS-XE-flow-monitor-oper&amp;revision=2017-11-30</capability>
<capability>http://cisco.com/ns/yang/Cisco-IOS-XE-http?module=Cisco-IOS-XE-http&amp;revision=2018-01-24</capability>
<capability>http://cisco.com/ns/yang/Cisco-IOS-XE-icmp?module=Cisco-IOS-XE-icmp&amp;revision=2017-11-27</capability>
<capability>http://cisco.com/ns/yang/Cisco-IOS-XE-igmp?module=Cisco-IOS-XE-igmp&amp;revision=2017-11-27</capability>
<capability>http://cisco.com/ns/yang/Cisco-IOS-XE-interface-common?module=Cisco-IOS-XE-interface-common&amp;revision=2018-02-08</capability>
<capability>http://cisco.com/ns/yang/Cisco-IOS-XE-interfaces-oper?module=Cisco-IOS-XE-interfaces-oper&amp;revision=2018-02-01</capability>
<capability>http://cisco.com/ns/yang/Cisco-IOS-XE-ios-common-oper?module=Cisco-IOS-XE-ios-common-oper&amp;revision=2018-01-04</capability>
<capability>http://cisco.com/ns/yang/Cisco-IOS-XE-ip-sla-oper?module=Cisco-IOS-XE-ip-sla-oper&amp;revision=2017-09-25</capability>
<capability>http://cisco.com/ns/yang/Cisco-IOS-XE-ipv6-oper?module=Cisco-IOS-XE-ipv6-oper&amp;revision=2017-11-01</capability>
<capability>http://cisco.com/ns/yang/Cisco-IOS-XE-isis?module=Cisco-IOS-XE-isis&amp;revision=2018-06-28</capability>
<capability>http://cisco.com/ns/yang/Cisco-IOS-XE-l2vpn?module=Cisco-IOS-XE-l2vpn&amp;revision=2018-02-13</capability>
<capability>http://cisco.com/ns/yang/Cisco-IOS-XE-l3vpn?module=Cisco-IOS-XE-l3vpn&amp;revision=2017-02-07</capability>
<capability>http://cisco.com/ns/yang/Cisco-IOS-XE-linecard-oper?module=Cisco-IOS-XE-linecard-oper&amp;revision=2018-03-26</capability>
<capability>http://cisco.com/ns/yang/Cisco-IOS-XE-lisp?module=Cisco-IOS-XE-lisp&amp;revision=2018-04-17</capability>
<capability>http://cisco.com/ns/yang/Cisco-IOS-XE-lisp-oper?module=Cisco-IOS-XE-lisp-oper&amp;revision=2018-02-01</capability>
<capability>http://cisco.com/ns/yang/Cisco-IOS-XE-lldp?module=Cisco-IOS-XE-lldp&amp;revision=2017-11-27</capability>
<capability>http://cisco.com/ns/yang/Cisco-IOS-XE-lldp-oper?module=Cisco-IOS-XE-lldp-oper&amp;revision=2017-02-07</capability>
<capability>http://cisco.com/ns/yang/Cisco-IOS-XE-mdt-cfg?module=Cisco-IOS-XE-mdt-cfg&amp;revision=2018-02-12</capability>
<capability>http://cisco.com/ns/yang/Cisco-IOS-XE-mdt-common-defs?module=Cisco-IOS-XE-mdt-common-defs&amp;revision=2018-02-12</capability>
<capability>http://cisco.com/ns/yang/Cisco-IOS-XE-mdt-oper?module=Cisco-IOS-XE-mdt-oper&amp;revision=2018-03-06</capability>
<capability>http://cisco.com/ns/yang/Cisco-IOS-XE-memory-oper?module=Cisco-IOS-XE-memory-oper&amp;revision=2017-04-01</capability>
<capability>http://cisco.com/ns/yang/Cisco-IOS-XE-mka?module=Cisco-IOS-XE-mka&amp;revision=2017-11-27</capability>
<capability>http://cisco.com/ns/yang/Cisco-IOS-XE-mld?module=Cisco-IOS-XE-mld&amp;revision=2018-02-12</capability>
<capability>http://cisco.com/ns/yang/Cisco-IOS-XE-mmode?module=Cisco-IOS-XE-mmode&amp;revision=2017-11-29</capability>
<capability>http://cisco.com/ns/yang/Cisco-IOS-XE-mpls?module=Cisco-IOS-XE-mpls&amp;revision=2018-06-28</capability>
<capability>http://cisco.com/ns/yang/Cisco-IOS-XE-mpls-forwarding-oper?module=Cisco-IOS-XE-mpls-forwarding-oper&amp;revision=2017-11-01</capability>
<capability>http://cisco.com/ns/yang/Cisco-IOS-XE-multicast?module=Cisco-IOS-XE-multicast&amp;revision=2018-06-28</capability>
<capability>http://cisco.com/ns/yang/Cisco-IOS-XE-mvrp?module=Cisco-IOS-XE-mvrp&amp;revision=2017-11-27</capability>
<capability>http://cisco.com/ns/yang/Cisco-IOS-XE-nat-oper?module=Cisco-IOS-XE-nat-oper&amp;revision=2018-03-17</capability>
<capability>http://cisco.com/ns/yang/Cisco-IOS-XE-native?module=Cisco-IOS-XE-native&amp;revision=2018-07-27&amp;deviations=Cisco-IOS-XE-switch-deviation</capability>
<capability>http://cisco.com/ns/yang/Cisco-IOS-XE-nbar?module=Cisco-IOS-XE-nbar&amp;revision=2018-06-06</capability>
<capability>http://cisco.com/ns/yang/Cisco-IOS-XE-nd?module=Cisco-IOS-XE-nd&amp;revision=2017-11-27</capability>
<capability>http://cisco.com/ns/yang/Cisco-IOS-XE-nhrp?module=Cisco-IOS-XE-nhrp&amp;revision=2017-02-07</capability>
<capability>http://cisco.com/ns/yang/Cisco-IOS-XE-ntp?module=Cisco-IOS-XE-ntp&amp;revision=2018-06-28</capability>
<capability>http://cisco.com/ns/yang/Cisco-IOS-XE-ntp-oper?module=Cisco-IOS-XE-ntp-oper&amp;revision=2018-01-16</capability>
<capability>http://cisco.com/ns/yang/Cisco-IOS-XE-object-group?module=Cisco-IOS-XE-object-group&amp;revision=2017-07-31</capability>
<capability>http://cisco.com/ns/yang/Cisco-IOS-XE-ospf?module=Cisco-IOS-XE-ospf&amp;revision=2018-10-08</capability>
<capability>http://cisco.com/ns/yang/Cisco-IOS-XE-ospf-oper?module=Cisco-IOS-XE-ospf-oper&amp;revision=2018-02-01</capability>
<capability>http://cisco.com/ns/yang/Cisco-IOS-XE-ospfv3?module=Cisco-IOS-XE-ospfv3&amp;revision=2018-06-28</capability>
<capability>http://cisco.com/ns/yang/Cisco-IOS-XE-platform?module=Cisco-IOS-XE-platform&amp;revision=2018-05-17</capability>
<capability>http://cisco.com/ns/yang/Cisco-IOS-XE-platform-oper?module=Cisco-IOS-XE-platform-oper&amp;revision=2017-10-11</capability>
<capability>http://cisco.com/ns/yang/Cisco-IOS-XE-platform-software-oper?module=Cisco-IOS-XE-platform-software-oper&amp;revision=2018-03-09</capability>
<capability>http://cisco.com/ns/yang/Cisco-IOS-XE-pnp?module=Cisco-IOS-XE-pnp&amp;revision=2018-07-10</capability>
<capability>http://cisco.com/ns/yang/Cisco-IOS-XE-poe-oper?module=Cisco-IOS-XE-poe-oper&amp;revision=2018-02-04</capability>
<capability>http://cisco.com/ns/yang/Cisco-IOS-XE-policy?module=Cisco-IOS-XE-policy&amp;revision=2018-06-28&amp;deviations=Cisco-IOS-XE-switch-deviation</capability>
<capability>http://cisco.com/ns/yang/Cisco-IOS-XE-power?module=Cisco-IOS-XE-power&amp;revision=2017-11-27</capability>
<capability>http://cisco.com/ns/yang/Cisco-IOS-XE-ppp?module=Cisco-IOS-XE-ppp&amp;revision=2018-02-03</capability>
<capability>http://cisco.com/ns/yang/Cisco-IOS-XE-ppp-oper?module=Cisco-IOS-XE-ppp-oper&amp;revision=2018-02-19</capability>
<capability>http://cisco.com/ns/yang/Cisco-IOS-XE-process-cpu-oper?module=Cisco-IOS-XE-process-cpu-oper&amp;revision=2017-02-07</capability>
<capability>http://cisco.com/ns/yang/Cisco-IOS-XE-process-memory-oper?module=Cisco-IOS-XE-process-memory-oper&amp;revision=2017-02-07</capability>
<capability>http://cisco.com/ns/yang/Cisco-IOS-XE-ptp?module=Cisco-IOS-XE-ptp&amp;revision=2017-09-19</capability>
<capability>http://cisco.com/ns/yang/Cisco-IOS-XE-qos?module=Cisco-IOS-XE-qos&amp;revision=2017-02-07</capability>
<capability>http://cisco.com/ns/yang/Cisco-IOS-XE-rip?module=Cisco-IOS-XE-rip&amp;revision=2018-06-28</capability>
<capability>http://cisco.com/ns/yang/Cisco-IOS-XE-route-map?module=Cisco-IOS-XE-route-map&amp;revision=2018-12-05</capability>
<capability>http://cisco.com/ns/yang/Cisco-IOS-XE-rpc?module=Cisco-IOS-XE-rpc&amp;revision=2018-04-18</capability>
<capability>http://cisco.com/ns/yang/Cisco-IOS-XE-rsvp?module=Cisco-IOS-XE-rsvp&amp;revision=2017-11-27</capability>
<capability>http://cisco.com/ns/yang/Cisco-IOS-XE-sanet?module=Cisco-IOS-XE-sanet&amp;revision=2017-11-27</capability>
<capability>http://cisco.com/ns/yang/Cisco-IOS-XE-service-discovery?module=Cisco-IOS-XE-service-discovery&amp;revision=2017-02-07</capability>
<capability>http://cisco.com/ns/yang/Cisco-IOS-XE-service-routing?module=Cisco-IOS-XE-service-routing&amp;revision=2017-07-24</capability>
<capability>http://cisco.com/ns/yang/Cisco-IOS-XE-sla?module=Cisco-IOS-XE-sla&amp;revision=2018-06-28</capability>
<capability>http://cisco.com/ns/yang/Cisco-IOS-XE-snmp?module=Cisco-IOS-XE-snmp&amp;revision=2018-06-28</capability>
<capability>http://cisco.com/ns/yang/Cisco-IOS-XE-spanning-tree?module=Cisco-IOS-XE-spanning-tree&amp;revision=2017-11-27</capability>
<capability>http://cisco.com/ns/yang/Cisco-IOS-XE-spanning-tree-oper?module=Cisco-IOS-XE-spanning-tree-oper&amp;revision=2017-08-10</capability>
<capability>http://cisco.com/ns/yang/Cisco-IOS-XE-stackwise-virtual?module=Cisco-IOS-XE-stackwise-virtual&amp;revision=2017-06-05</capability>
<capability>http://cisco.com/ns/yang/Cisco-IOS-XE-switch?module=Cisco-IOS-XE-switch&amp;revision=2018-01-10&amp;deviations=Cisco-IOS-XE-switch-deviation</capability>
<capability>http://cisco.com/ns/yang/Cisco-IOS-XE-switch-deviation?module=Cisco-IOS-XE-switch-deviation&amp;revision=2016-12-01</capability>
<capability>http://cisco.com/ns/yang/Cisco-IOS-XE-tcam-oper?module=Cisco-IOS-XE-tcam-oper&amp;revision=2017-06-06</capability>
<capability>http://cisco.com/ns/yang/Cisco-IOS-XE-track?module=Cisco-IOS-XE-track&amp;revision=2018-08-10</capability>
<capability>http://cisco.com/ns/yang/Cisco-IOS-XE-transceiver-oper?module=Cisco-IOS-XE-transceiver-oper&amp;revision=2018-01-18</capability>
<capability>http://cisco.com/ns/yang/Cisco-IOS-XE-trustsec-oper?module=Cisco-IOS-XE-trustsec-oper&amp;revision=2017-02-07</capability>
<capability>http://cisco.com/ns/yang/Cisco-IOS-XE-tunnel?module=Cisco-IOS-XE-tunnel&amp;revision=2017-08-28</capability>
<capability>http://cisco.com/ns/yang/Cisco-IOS-XE-types?module=Cisco-IOS-XE-types&amp;revision=2018-05-22</capability>
<capability>http://cisco.com/ns/yang/Cisco-IOS-XE-udld?module=Cisco-IOS-XE-udld&amp;revision=2017-11-27</capability>
<capability>http://cisco.com/ns/yang/Cisco-IOS-XE-utd-common-oper?module=Cisco-IOS-XE-utd-common-oper&amp;revision=2018-04-04</capability>
<capability>http://cisco.com/ns/yang/Cisco-IOS-XE-utd-oper?module=Cisco-IOS-XE-utd-oper&amp;revision=2018-04-04</capability>
<capability>http://cisco.com/ns/yang/Cisco-IOS-XE-virtual-service-cfg?module=Cisco-IOS-XE-virtual-service-cfg&amp;revision=2018-01-01</capability>
<capability>http://cisco.com/ns/yang/Cisco-IOS-XE-virtual-service-oper?module=Cisco-IOS-XE-virtual-service-oper&amp;revision=2018-02-01</capability>
<capability>http://cisco.com/ns/yang/Cisco-IOS-XE-vlan?module=Cisco-IOS-XE-vlan&amp;revision=2018-03-13</capability>
<capability>http://cisco.com/ns/yang/Cisco-IOS-XE-vlan-oper?module=Cisco-IOS-XE-vlan-oper&amp;revision=2018-04-09</capability>
<capability>http://cisco.com/ns/yang/Cisco-IOS-XE-vrrp?module=Cisco-IOS-XE-vrrp&amp;revision=2018-08-15</capability>
<capability>http://cisco.com/ns/yang/Cisco-IOS-XE-vrrp-oper?module=Cisco-IOS-XE-vrrp-oper&amp;revision=2018-05-10</capability>
<capability>http://cisco.com/ns/yang/Cisco-IOS-XE-vstack?module=Cisco-IOS-XE-vstack&amp;revision=2017-02-07</capability>
<capability>http://cisco.com/ns/yang/Cisco-IOS-XE-vtp?module=Cisco-IOS-XE-vtp&amp;revision=2017-02-07</capability>
<capability>http://cisco.com/ns/yang/Cisco-IOS-XE-wccp?module=Cisco-IOS-XE-wccp&amp;revision=2017-11-27</capability>
<capability>http://cisco.com/ns/yang/Cisco-IOS-XE-wsma?module=Cisco-IOS-XE-wsma&amp;revision=2017-02-07</capability>
<capability>http://cisco.com/ns/yang/cisco-smart-license?module=cisco-smart-license&amp;revision=2017-10-11</capability>
<capability>http://cisco.com/ns/yang/cisco-xe-bgp-policy-deviation?module=cisco-xe-openconfig-bgp-policy-deviation&amp;revision=2017-07-24</capability>
<capability>http://cisco.com/ns/yang/cisco-xe-ietf-event-notifications-deviation?module=cisco-xe-ietf-event-notifications-deviation&amp;revision=2017-08-22</capability>
<capability>http://cisco.com/ns/yang/cisco-xe-ietf-yang-push-deviation?module=cisco-xe-ietf-yang-push-deviation&amp;revision=2017-08-22</capability>
<capability>http://cisco.com/ns/yang/cisco-xe-openconfig-acl-ext?module=cisco-xe-openconfig-acl-ext&amp;revision=2017-03-30</capability>
<capability>http://cisco.com/ns/yang/cisco-xe-openconfig-bgp-deviation?module=cisco-xe-openconfig-bgp-deviation&amp;revision=2017-05-24</capability>
<capability>http://cisco.com/ns/yang/cisco-xe-openconfig-if-ethernet-ext?module=cisco-xe-openconfig-if-ethernet-ext&amp;revision=2017-10-30</capability>
<capability>http://cisco.com/ns/yang/cisco-xe-openconfig-interfaces-ext?module=cisco-xe-openconfig-interfaces-ext&amp;revision=2017-03-05</capability>
<capability>http://cisco.com/ns/yang/cisco-xe-openconfig-network-instance-deviation?module=cisco-xe-openconfig-network-instance-deviation&amp;revision=2017-02-14</capability>
<capability>http://cisco.com/ns/yang/cisco-xe-openconfig-platform-deviation?module=cisco-xe-openconfig-platform-deviation&amp;revision=2018-01-25</capability>
<capability>http://cisco.com/ns/yang/cisco-xe-openconfig-platform-ext?module=cisco-xe-openconfig-platform-ext&amp;revision=2018-02-05</capability>
<capability>http://cisco.com/ns/yang/cisco-xe-openconfig-rib-bgp-ext?module=cisco-xe-openconfig-rib-bgp-ext&amp;revision=2016-11-30</capability>
<capability>http://cisco.com/ns/yang/cisco-xe-openconfig-spanning-tree-deviation?module=cisco-xe-openconfig-spanning-tree-deviation&amp;revision=2017-08-21</capability>
<capability>http://cisco.com/ns/yang/cisco-xe-openconfig-spanning-tree-ext?module=cisco-xe-openconfig-spanning-tree-ext&amp;revision=2017-10-24</capability>
<capability>http://cisco.com/ns/yang/cisco-xe-openconfig-system-ext?module=cisco-xe-openconfig-system-ext&amp;revision=2018-03-21</capability>
<capability>http://cisco.com/ns/yang/cisco-xe-openconfig-vlan-deviation?module=cisco-xe-openconfig-vlan-deviation&amp;revision=2017-03-17</capability>
<capability>http://cisco.com/ns/yang/cisco-xe-openconfig-vlan-ext?module=cisco-xe-openconfig-vlan-ext&amp;revision=2017-06-14&amp;deviations=cisco-xe-openconfig-vlan-deviation</capability>
<capability>http://cisco.com/ns/yang/cisco-xe-routing-policy-deviation?module=cisco-xe-openconfig-routing-policy-deviation&amp;revision=2017-03-30</capability>
<capability>http://cisco.com/ns/yang/ios-xe/template?module=Cisco-IOS-XE-template&amp;revision=2017-11-06</capability>
<capability>http://cisco.com/yang/cisco-ia?module=cisco-ia&amp;revision=2018-08-03</capability>
<capability>http://cisco.com/yang/cisco-self-mgmt?module=cisco-self-mgmt&amp;revision=2016-05-14</capability>
<capability>http://openconfig.net/yang/aaa?module=openconfig-aaa&amp;revision=2017-09-18</capability>
<capability>http://openconfig.net/yang/aaa/types?module=openconfig-aaa-types&amp;revision=2017-09-18</capability>
<capability>http://openconfig.net/yang/acl?module=openconfig-acl&amp;revision=2017-05-26&amp;deviations=cisco-xe-openconfig-acl-deviation</capability>
<capability>http://openconfig.net/yang/alarms?module=openconfig-alarms&amp;revision=2017-08-24</capability>
<capability>http://openconfig.net/yang/bgp?module=openconfig-bgp&amp;revision=2016-06-21</capability>
<capability>http://openconfig.net/yang/bgp-policy?module=openconfig-bgp-policy&amp;revision=2016-06-21&amp;deviations=cisco-xe-openconfig-bgp-policy-deviation</capability>
<capability>http://openconfig.net/yang/bgp-types?module=openconfig-bgp-types&amp;revision=2016-06-21</capability>
<capability>http://openconfig.net/yang/cisco-xe-openconfig-if-ethernet-deviation?module=cisco-xe-openconfig-if-ethernet-deviation&amp;revision=2017-11-01</capability>
<capability>http://openconfig.net/yang/cisco-xe-openconfig-if-ip-deviation?module=cisco-xe-openconfig-if-ip-deviation&amp;revision=2017-03-04</capability>
<capability>http://openconfig.net/yang/cisco-xe-openconfig-if-poe-deviation?module=cisco-xe-openconfig-if-poe-deviation&amp;revision=2018-02-12</capability>
<capability>http://openconfig.net/yang/cisco-xe-openconfig-interfaces-deviation?module=cisco-xe-openconfig-interfaces-deviation&amp;revision=2018-03-27</capability>
<capability>http://openconfig.net/yang/cisco-xe-openconfig-interfaces-switching-deviation?module=cisco-xe-openconfig-interfaces-switching-deviation&amp;revision=2018-02-28</capability>
<capability>http://openconfig.net/yang/cisco-xe-openconfig-openflow-deviation?module=cisco-xe-openconfig-openflow-deviation&amp;revision=2017-10-12</capability>
<capability>http://openconfig.net/yang/cisco-xe-openconfig-system-deviation?module=cisco-xe-openconfig-system-deviation&amp;revision=2018-06-08</capability>
<capability>http://openconfig.net/yang/header-fields?module=openconfig-packet-match&amp;revision=2017-05-26</capability>
<capability>http://openconfig.net/yang/interfaces?module=openconfig-interfaces&amp;revision=2018-01-05&amp;deviations=cisco-xe-openconfig-interfaces-deviation,cisco-xe-openconfig-interfaces-switching-deviation</capability>
<capability>http://openconfig.net/yang/interfaces/aggregate?module=openconfig-if-aggregate&amp;revision=2018-01-05</capability>
<capability>http://openconfig.net/yang/interfaces/ethernet?module=openconfig-if-ethernet&amp;revision=2018-01-05&amp;deviations=cisco-xe-openconfig-if-ethernet-deviation</capability>
<capability>http://openconfig.net/yang/interfaces/ip?module=openconfig-if-ip&amp;revision=2018-01-05&amp;deviations=cisco-xe-openconfig-if-ip-deviation,cisco-xe-openconfig-interfaces-deviation</capability>
<capability>http://openconfig.net/yang/interfaces/ip-ext?module=openconfig-if-ip-ext&amp;revision=2018-01-05</capability>
<capability>http://openconfig.net/yang/local-routing?module=openconfig-local-routing&amp;revision=2016-05-11</capability>
<capability>http://openconfig.net/yang/network-instance?module=openconfig-network-instance&amp;revision=2017-01-13&amp;deviations=cisco-xe-openconfig-bgp-deviation,cisco-xe-openconfig-network-instance-deviation</capability>
<capability>http://openconfig.net/yang/network-instance-l3?module=openconfig-network-instance-l3&amp;revision=2017-01-13</capability>
<capability>http://openconfig.net/yang/network-instance-types?module=openconfig-network-instance-types&amp;revision=2016-12-15</capability>
<capability>http://openconfig.net/yang/openconfig-ext?module=openconfig-extensions&amp;revision=2017-04-11</capability>
<capability>http://openconfig.net/yang/openconfig-types?module=openconfig-types&amp;revision=2018-01-16</capability>
<capability>http://openconfig.net/yang/openflow?module=openconfig-openflow&amp;revision=2017-06-01&amp;deviations=cisco-xe-openconfig-openflow-deviation</capability>
<capability>http://openconfig.net/yang/openflow/types?module=openconfig-openflow-types&amp;revision=2017-06-01</capability>
<capability>http://openconfig.net/yang/packet-match-types?module=openconfig-packet-match-types&amp;revision=2017-05-26</capability>
<capability>http://openconfig.net/yang/platform?module=openconfig-platform&amp;revision=2016-12-22&amp;deviations=cisco-xe-openconfig-platform-deviation</capability>
<capability>http://openconfig.net/yang/platform-types?module=openconfig-platform-types&amp;revision=2017-08-16</capability>
<capability>http://openconfig.net/yang/platform/linecard?module=openconfig-platform-linecard&amp;revision=2017-08-03</capability>
<capability>http://openconfig.net/yang/platform/port?module=openconfig-platform-port&amp;revision=2016-10-24&amp;deviations=cisco-xe-openconfig-platform-deviation</capability>
<capability>http://openconfig.net/yang/platform/transceiver?module=openconfig-platform-transceiver&amp;revision=2017-09-18&amp;deviations=cisco-xe-openconfig-platform-deviation</capability>
<capability>http://openconfig.net/yang/poe?module=openconfig-if-poe&amp;revision=2017-09-14&amp;deviations=cisco-xe-openconfig-if-poe-deviation</capability>
<capability>http://openconfig.net/yang/policy-types?module=openconfig-policy-types&amp;revision=2016-05-12</capability>
<capability>http://openconfig.net/yang/rib/bgp?module=openconfig-rib-bgp&amp;revision=2017-03-07</capability>
<capability>http://openconfig.net/yang/rib/bgp-ext?module=openconfig-rib-bgp-ext&amp;revision=2016-04-11</capability>
<capability>http://openconfig.net/yang/rib/bgp-types?module=openconfig-rib-bgp-types&amp;revision=2016-04-11</capability>
<capability>http://openconfig.net/yang/routing-policy?module=openconfig-routing-policy&amp;revision=2016-05-12&amp;deviations=cisco-xe-openconfig-routing-policy-deviation</capability>
<capability>http://openconfig.net/yang/spanning-tree?module=openconfig-spanning-tree&amp;revision=2017-07-14&amp;deviations=cisco-xe-openconfig-spanning-tree-deviation</capability>
<capability>http://openconfig.net/yang/spanning-tree/types?module=openconfig-spanning-tree-types&amp;revision=2017-07-14</capability>
<capability>http://openconfig.net/yang/system?module=openconfig-system&amp;revision=2018-01-21&amp;deviations=cisco-xe-openconfig-system-deviation</capability>
<capability>http://openconfig.net/yang/system/logging?module=openconfig-system-logging&amp;revision=2017-09-18</capability>
<capability>http://openconfig.net/yang/system/procmon?module=openconfig-procmon&amp;revision=2017-09-18</capability>
<capability>http://openconfig.net/yang/system/terminal?module=openconfig-system-terminal&amp;revision=2017-09-18</capability>
<capability>http://openconfig.net/yang/transport-line-common?module=openconfig-transport-line-common&amp;revision=2016-03-31</capability>
<capability>http://openconfig.net/yang/transport-types?module=openconfig-transport-types&amp;revision=2017-08-16</capability>
<capability>http://openconfig.net/yang/types/inet?module=openconfig-inet-types&amp;revision=2017-08-24</capability>
<capability>http://openconfig.net/yang/types/yang?module=openconfig-yang-types&amp;revision=2017-07-30</capability>
<capability>http://openconfig.net/yang/vlan?module=openconfig-vlan&amp;revision=2016-05-26&amp;deviations=cisco-xe-openconfig-vlan-deviation</capability>
<capability>http://openconfig.net/yang/vlan-types?module=openconfig-vlan-types&amp;revision=2016-05-26</capability>
<capability>http://tail-f.com/ns/aaa/1.1?module=tailf-aaa&amp;revision=2018-09-12</capability>
<capability>http://tail-f.com/ns/common/query?module=tailf-common-query&amp;revision=2017-12-15</capability>
<capability>http://tail-f.com/ns/kicker?module=tailf-kicker&amp;revision=2017-09-28</capability>
<capability>http://tail-f.com/ns/webui?module=tailf-webui&amp;revision=2013-03-07</capability>
<capability>http://tail-f.com/yang/acm?module=tailf-acm&amp;revision=2013-03-07</capability>
<capability>http://tail-f.com/yang/common?module=tailf-common&amp;revision=2018-09-11</capability>
<capability>http://tail-f.com/yang/common-monitoring?module=tailf-common-monitoring&amp;revision=2013-06-14</capability>
<capability>http://tail-f.com/yang/confd-monitoring?module=tailf-confd-monitoring&amp;revision=2013-06-14</capability>
<capability>http://tail-f.com/yang/netconf-monitoring?module=tailf-netconf-monitoring&amp;revision=2016-11-24</capability>
<capability>http://tail-f.com/yang/xsd-types?module=tailf-xsd-types&amp;revision=2017-11-20</capability>
<capability>urn:cisco:params:xml:ns:yang:cisco-ethernet?module=cisco-ethernet&amp;revision=2016-05-10</capability>
<capability>urn:cisco:params:xml:ns:yang:cisco-routing-ext?module=cisco-routing-ext&amp;revision=2016-07-09</capability>
<capability>urn:cisco:params:xml:ns:yang:cisco-xe-ietf-yang-push-ext?module=cisco-xe-ietf-yang-push-ext&amp;revision=2017-08-14</capability>
<capability>urn:cisco:params:xml:ns:yang:pim?module=pim&amp;revision=2014-06-27&amp;features=bsr,auto-rp</capability>
<capability>urn:ietf:params:xml:ns:yang:c3pl-types?module=policy-types&amp;revision=2013-10-07&amp;features=protocol-name-support,match-wlan-user-priority-support,match-vpls-support,match-vlan-support,match-vlan-inner-support,match-src-mac-support,match-security-group-support,match-qos-group-support,match-prec-support,match-packet-length-support,match-mpls-exp-top-support,match-mpls-exp-imp-support,match-metadata-support,match-ipv6-acl-support,match-ipv6-acl-name-support,match-ipv4-acl-support,match-ipv4-acl-name-support,match-ip-rtp-support,match-input-interface-support,match-fr-dlci-support,match-fr-de-support,match-flow-record-support,match-flow-ip-support,match-dst-mac-support,match-discard-class-support,match-dei-support,match-dei-inner-support,match-cos-support,match-cos-inner-support,match-class-map-support,match-atm-vci-support,match-atm-clp-support,match-application-support</capability>
<capability>urn:ietf:params:xml:ns:yang:cisco-ospf?module=cisco-ospf&amp;revision=2016-03-30&amp;features=graceful-shutdown,flood-reduction,database-filter</capability>
<capability>urn:ietf:params:xml:ns:yang:cisco-policy?module=cisco-policy&amp;revision=2016-03-30</capability>
<capability>urn:ietf:params:xml:ns:yang:cisco-policy-filters?module=cisco-policy-filters&amp;revision=2016-03-30</capability>
<capability>urn:ietf:params:xml:ns:yang:cisco-policy-target?module=cisco-policy-target&amp;revision=2016-03-30</capability>
<capability>urn:ietf:params:xml:ns:yang:common-mpls-static?module=common-mpls-static&amp;revision=2015-07-22&amp;deviations=common-mpls-static-devs</capability>
<capability>urn:ietf:params:xml:ns:yang:common-mpls-types?module=common-mpls-types&amp;revision=2015-05-28</capability>
<capability>urn:ietf:params:xml:ns:yang:iana-crypt-hash?module=iana-crypt-hash&amp;revision=2014-08-06&amp;features=crypt-hash-sha-512,crypt-hash-sha-256,crypt-hash-md5</capability>
<capability>urn:ietf:params:xml:ns:yang:iana-if-type?module=iana-if-type&amp;revision=2014-05-08</capability>
<capability>urn:ietf:params:xml:ns:yang:ietf-diffserv-action?module=ietf-diffserv-action&amp;revision=2015-04-07&amp;features=priority-rate-burst-support,hierarchial-policy-support,aqm-red-support</capability>
<capability>urn:ietf:params:xml:ns:yang:ietf-diffserv-classifier?module=ietf-diffserv-classifier&amp;revision=2015-04-07&amp;features=policy-inline-classifier-config</capability>
<capability>urn:ietf:params:xml:ns:yang:ietf-diffserv-policy?module=ietf-diffserv-policy&amp;revision=2015-04-07&amp;features=policy-template-support,hierarchial-policy-support</capability>
<capability>urn:ietf:params:xml:ns:yang:ietf-diffserv-target?module=ietf-diffserv-target&amp;revision=2015-04-07&amp;features=target-inline-policy-config</capability>
<capability>urn:ietf:params:xml:ns:yang:ietf-event-notifications?module=ietf-event-notifications&amp;revision=2016-10-27&amp;features=json,configured-subscriptions&amp;deviations=cisco-xe-ietf-event-notifications-deviation,cisco-xe-ietf-yang-push-deviation</capability>
<capability>urn:ietf:params:xml:ns:yang:ietf-inet-types?module=ietf-inet-types&amp;revision=2013-07-15</capability>
<capability>urn:ietf:params:xml:ns:yang:ietf-interfaces?module=ietf-interfaces&amp;revision=2014-05-08&amp;features=pre-provisioning,if-mib,arbitrary-names</capability>
<capability>urn:ietf:params:xml:ns:yang:ietf-interfaces-ext?module=ietf-interfaces-ext</capability>
<capability>urn:ietf:params:xml:ns:yang:ietf-ip?module=ietf-ip&amp;revision=2014-06-16&amp;features=ipv6-privacy-autoconf,ipv4-non-contiguous-netmasks&amp;deviations=cisco-xe-ietf-ip-deviation</capability>
<capability>urn:ietf:params:xml:ns:yang:ietf-ipv4-unicast-routing?module=ietf-ipv4-unicast-routing&amp;revision=2015-05-25&amp;deviations=cisco-xe-ietf-ipv4-unicast-routing-deviation</capability>
<capability>urn:ietf:params:xml:ns:yang:ietf-ipv6-unicast-routing?module=ietf-ipv6-unicast-routing&amp;revision=2015-05-25&amp;deviations=cisco-xe-ietf-ipv6-unicast-routing-deviation</capability>
<capability>urn:ietf:params:xml:ns:yang:ietf-key-chain?module=ietf-key-chain&amp;revision=2015-02-24&amp;features=independent-send-accept-lifetime,hex-key-string,accept-tolerance</capability>
<capability>urn:ietf:params:xml:ns:yang:ietf-netconf-acm?module=ietf-netconf-acm&amp;revision=2012-02-22</capability>
<capability>urn:ietf:params:xml:ns:yang:ietf-netconf-monitoring?module=ietf-netconf-monitoring&amp;revision=2010-10-04</capability>
<capability>urn:ietf:params:xml:ns:yang:ietf-netconf-notifications?module=ietf-netconf-notifications&amp;revision=2012-02-06</capability>
<capability>urn:ietf:params:xml:ns:yang:ietf-ospf?module=ietf-ospf&amp;revision=2015-03-09&amp;features=ttl-security,te-rid,router-id,remote-lfa,prefix-suppression,ospfv3-authentication-ipsec,nsr,node-flag,multi-topology,multi-area-adj,mtu-ignore,max-lsa,max-ecmp,lls,lfa,ldp-igp-sync,ldp-igp-autoconfig,interface-inheritance,instance-inheritance,graceful-restart,fast-reroute,demand-circuit,bfd,auto-cost,area-inheritance,admin-control&amp;deviations=cisco-xe-ietf-ospf-deviation</capability>
<capability>urn:ietf:params:xml:ns:yang:ietf-restconf-monitoring?module=ietf-restconf-monitoring&amp;revision=2017-01-26</capability>
<capability>urn:ietf:params:xml:ns:yang:ietf-routing?module=ietf-routing&amp;revision=2015-05-25&amp;features=router-id,multiple-ribs&amp;deviations=cisco-xe-ietf-routing-deviation</capability>
<capability>urn:ietf:params:xml:ns:yang:ietf-yang-library?module=ietf-yang-library&amp;revision=2016-06-21</capability>
<capability>urn:ietf:params:xml:ns:yang:ietf-yang-push?module=ietf-yang-push&amp;revision=2016-10-28&amp;features=on-change&amp;deviations=cisco-xe-ietf-yang-push-deviation</capability>
<capability>urn:ietf:params:xml:ns:yang:ietf-yang-smiv2?module=ietf-yang-smiv2&amp;revision=2012-06-22</capability>
<capability>urn:ietf:params:xml:ns:yang:ietf-yang-types?module=ietf-yang-types&amp;revision=2013-07-15</capability>
<capability>urn:ietf:params:xml:ns:yang:nvo?module=nvo&amp;revision=2015-06-02&amp;deviations=nvo-devs</capability>
<capability>urn:ietf:params:xml:ns:yang:policy-attr?module=policy-attr&amp;revision=2015-04-27</capability>
<capability>urn:ietf:params:xml:ns:yang:smiv2:BGP4-MIB?module=BGP4-MIB&amp;revision=1994-05-05</capability>
<capability>urn:ietf:params:xml:ns:yang:smiv2:BRIDGE-MIB?module=BRIDGE-MIB&amp;revision=2005-09-19</capability>
<capability>urn:ietf:params:xml:ns:yang:smiv2:CISCO-AAA-SERVER-MIB?module=CISCO-AAA-SERVER-MIB&amp;revision=2003-11-17</capability>
<capability>urn:ietf:params:xml:ns:yang:smiv2:CISCO-AAA-SESSION-MIB?module=CISCO-AAA-SESSION-MIB&amp;revision=2006-03-21</capability>
<capability>urn:ietf:params:xml:ns:yang:smiv2:CISCO-BGP-POLICY-ACCOUNTING-MIB?module=CISCO-BGP-POLICY-ACCOUNTING-MIB&amp;revision=2002-07-26</capability>
<capability>urn:ietf:params:xml:ns:yang:smiv2:CISCO-BGP4-MIB?module=CISCO-BGP4-MIB&amp;revision=2010-09-30</capability>
<capability>urn:ietf:params:xml:ns:yang:smiv2:CISCO-BULK-FILE-MIB?module=CISCO-BULK-FILE-MIB&amp;revision=2002-06-10</capability>
<capability>urn:ietf:params:xml:ns:yang:smiv2:CISCO-CBP-TARGET-MIB?module=CISCO-CBP-TARGET-MIB&amp;revision=2006-05-24</capability>
<capability>urn:ietf:params:xml:ns:yang:smiv2:CISCO-CBP-TARGET-TC-MIB?module=CISCO-CBP-TARGET-TC-MIB&amp;revision=2006-03-24</capability>
<capability>urn:ietf:params:xml:ns:yang:smiv2:CISCO-CBP-TC-MIB?module=CISCO-CBP-TC-MIB&amp;revision=2008-06-24</capability>
<capability>urn:ietf:params:xml:ns:yang:smiv2:CISCO-CDP-MIB?module=CISCO-CDP-MIB&amp;revision=2005-03-21</capability>
<capability>urn:ietf:params:xml:ns:yang:smiv2:CISCO-CEF-MIB?module=CISCO-CEF-MIB&amp;revision=2006-01-30</capability>
<capability>urn:ietf:params:xml:ns:yang:smiv2:CISCO-CEF-TC?module=CISCO-CEF-TC&amp;revision=2005-09-30</capability>
<capability>urn:ietf:params:xml:ns:yang:smiv2:CISCO-CONFIG-COPY-MIB?module=CISCO-CONFIG-COPY-MIB&amp;revision=2005-04-06</capability>
<capability>urn:ietf:params:xml:ns:yang:smiv2:CISCO-CONFIG-MAN-MIB?module=CISCO-CONFIG-MAN-MIB&amp;revision=2007-04-27</capability>
<capability>urn:ietf:params:xml:ns:yang:smiv2:CISCO-CONTEXT-MAPPING-MIB?module=CISCO-CONTEXT-MAPPING-MIB&amp;revision=2008-11-22</capability>
<capability>urn:ietf:params:xml:ns:yang:smiv2:CISCO-DATA-COLLECTION-MIB?module=CISCO-DATA-COLLECTION-MIB&amp;revision=2002-10-30</capability>
<capability>urn:ietf:params:xml:ns:yang:smiv2:CISCO-DOT3-OAM-MIB?module=CISCO-DOT3-OAM-MIB&amp;revision=2006-05-31</capability>
<capability>urn:ietf:params:xml:ns:yang:smiv2:CISCO-DYNAMIC-TEMPLATE-MIB?module=CISCO-DYNAMIC-TEMPLATE-MIB&amp;revision=2007-09-06</capability>
<capability>urn:ietf:params:xml:ns:yang:smiv2:CISCO-DYNAMIC-TEMPLATE-TC-MIB?module=CISCO-DYNAMIC-TEMPLATE-TC-MIB&amp;revision=2012-01-27</capability>
<capability>urn:ietf:params:xml:ns:yang:smiv2:CISCO-EIGRP-MIB?module=CISCO-EIGRP-MIB&amp;revision=2004-11-16</capability>
<capability>urn:ietf:params:xml:ns:yang:smiv2:CISCO-EMBEDDED-EVENT-MGR-MIB?module=CISCO-EMBEDDED-EVENT-MGR-MIB&amp;revision=2006-11-07</capability>
<capability>urn:ietf:params:xml:ns:yang:smiv2:CISCO-ENHANCED-MEMPOOL-MIB?module=CISCO-ENHANCED-MEMPOOL-MIB&amp;revision=2008-12-05</capability>
<capability>urn:ietf:params:xml:ns:yang:smiv2:CISCO-ENTITY-ALARM-MIB?module=CISCO-ENTITY-ALARM-MIB&amp;revision=1999-07-06</capability>
<capability>urn:ietf:params:xml:ns:yang:smiv2:CISCO-ENTITY-EXT-MIB?module=CISCO-ENTITY-EXT-MIB&amp;revision=2008-11-24</capability>
<capability>urn:ietf:params:xml:ns:yang:smiv2:CISCO-ENTITY-FRU-CONTROL-MIB?module=CISCO-ENTITY-FRU-CONTROL-MIB&amp;revision=2013-08-19</capability>
<capability>urn:ietf:params:xml:ns:yang:smiv2:CISCO-ENTITY-QFP-MIB?module=CISCO-ENTITY-QFP-MIB&amp;revision=2014-06-18</capability>
<capability>urn:ietf:params:xml:ns:yang:smiv2:CISCO-ENTITY-SENSOR-MIB?module=CISCO-ENTITY-SENSOR-MIB&amp;revision=2015-01-15</capability>
<capability>urn:ietf:params:xml:ns:yang:smiv2:CISCO-ENTITY-VENDORTYPE-OID-MIB?module=CISCO-ENTITY-VENDORTYPE-OID-MIB&amp;revision=2014-12-09</capability>
<capability>urn:ietf:params:xml:ns:yang:smiv2:CISCO-ENVMON-MIB?module=CISCO-ENVMON-MIB&amp;revision=2003-12-01</capability>
<capability>urn:ietf:params:xml:ns:yang:smiv2:CISCO-ETHER-CFM-MIB?module=CISCO-ETHER-CFM-MIB&amp;revision=2004-12-28</capability>
<capability>urn:ietf:params:xml:ns:yang:smiv2:CISCO-ETHERLIKE-EXT-MIB?module=CISCO-ETHERLIKE-EXT-MIB&amp;revision=2010-06-04</capability>
<capability>urn:ietf:params:xml:ns:yang:smiv2:CISCO-FIREWALL-TC?module=CISCO-FIREWALL-TC&amp;revision=2006-03-03</capability>
<capability>urn:ietf:params:xml:ns:yang:smiv2:CISCO-FLASH-MIB?module=CISCO-FLASH-MIB&amp;revision=2013-08-06</capability>
<capability>urn:ietf:params:xml:ns:yang:smiv2:CISCO-FTP-CLIENT-MIB?module=CISCO-FTP-CLIENT-MIB&amp;revision=2006-03-31</capability>
<capability>urn:ietf:params:xml:ns:yang:smiv2:CISCO-HSRP-EXT-MIB?module=CISCO-HSRP-EXT-MIB&amp;revision=2010-09-02</capability>
<capability>urn:ietf:params:xml:ns:yang:smiv2:CISCO-HSRP-MIB?module=CISCO-HSRP-MIB&amp;revision=2010-09-06</capability>
<capability>urn:ietf:params:xml:ns:yang:smiv2:CISCO-IETF-BFD-MIB?module=CISCO-IETF-BFD-MIB&amp;revision=2011-04-16</capability>
<capability>urn:ietf:params:xml:ns:yang:smiv2:CISCO-IETF-ISIS-MIB?module=CISCO-IETF-ISIS-MIB&amp;revision=2005-08-16</capability>
<capability>urn:ietf:params:xml:ns:yang:smiv2:CISCO-IF-EXTENSION-MIB?module=CISCO-IF-EXTENSION-MIB&amp;revision=2013-03-13</capability>
<capability>urn:ietf:params:xml:ns:yang:smiv2:CISCO-IGMP-FILTER-MIB?module=CISCO-IGMP-FILTER-MIB&amp;revision=2005-11-29</capability>
<capability>urn:ietf:params:xml:ns:yang:smiv2:CISCO-IMAGE-LICENSE-MGMT-MIB?module=CISCO-IMAGE-LICENSE-MGMT-MIB&amp;revision=2007-10-16</capability>
<capability>urn:ietf:params:xml:ns:yang:smiv2:CISCO-IMAGE-MIB?module=CISCO-IMAGE-MIB&amp;revision=1995-08-15</capability>
<capability>urn:ietf:params:xml:ns:yang:smiv2:CISCO-IP-LOCAL-POOL-MIB?module=CISCO-IP-LOCAL-POOL-MIB&amp;revision=2007-11-12</capability>
<capability>urn:ietf:params:xml:ns:yang:smiv2:CISCO-IP-TAP-MIB?module=CISCO-IP-TAP-MIB&amp;revision=2004-03-11</capability>
<capability>urn:ietf:params:xml:ns:yang:smiv2:CISCO-IP-URPF-MIB?module=CISCO-IP-URPF-MIB&amp;revision=2011-12-29</capability>
<capability>urn:ietf:params:xml:ns:yang:smiv2:CISCO-IPMROUTE-MIB?module=CISCO-IPMROUTE-MIB&amp;revision=2005-03-07</capability>
<capability>urn:ietf:params:xml:ns:yang:smiv2:CISCO-IPSEC-FLOW-MONITOR-MIB?module=CISCO-IPSEC-FLOW-MONITOR-MIB&amp;revision=2007-10-24</capability>
<capability>urn:ietf:params:xml:ns:yang:smiv2:CISCO-IPSEC-MIB?module=CISCO-IPSEC-MIB&amp;revision=2000-08-07</capability>
<capability>urn:ietf:params:xml:ns:yang:smiv2:CISCO-IPSEC-POLICY-MAP-MIB?module=CISCO-IPSEC-POLICY-MAP-MIB&amp;revision=2000-08-17</capability>
<capability>urn:ietf:params:xml:ns:yang:smiv2:CISCO-IPSLA-AUTOMEASURE-MIB?module=CISCO-IPSLA-AUTOMEASURE-MIB&amp;revision=2007-06-13</capability>
<capability>urn:ietf:params:xml:ns:yang:smiv2:CISCO-IPSLA-ECHO-MIB?module=CISCO-IPSLA-ECHO-MIB&amp;revision=2007-08-16</capability>
<capability>urn:ietf:params:xml:ns:yang:smiv2:CISCO-IPSLA-JITTER-MIB?module=CISCO-IPSLA-JITTER-MIB&amp;revision=2007-07-24</capability>
<capability>urn:ietf:params:xml:ns:yang:smiv2:CISCO-IPSLA-TC-MIB?module=CISCO-IPSLA-TC-MIB&amp;revision=2007-03-23</capability>
<capability>urn:ietf:params:xml:ns:yang:smiv2:CISCO-LICENSE-MGMT-MIB?module=CISCO-LICENSE-MGMT-MIB&amp;revision=2012-04-19</capability>
<capability>urn:ietf:params:xml:ns:yang:smiv2:CISCO-MEDIA-GATEWAY-MIB?module=CISCO-MEDIA-GATEWAY-MIB&amp;revision=2009-02-25</capability>
<capability>urn:ietf:params:xml:ns:yang:smiv2:CISCO-NBAR-PROTOCOL-DISCOVERY-MIB?module=CISCO-NBAR-PROTOCOL-DISCOVERY-MIB&amp;revision=2002-08-16</capability>
<capability>urn:ietf:params:xml:ns:yang:smiv2:CISCO-NETSYNC-MIB?module=CISCO-NETSYNC-MIB&amp;revision=2010-10-15</capability>
<capability>urn:ietf:params:xml:ns:yang:smiv2:CISCO-NTP-MIB?module=CISCO-NTP-MIB&amp;revision=2006-07-31</capability>
<capability>urn:ietf:params:xml:ns:yang:smiv2:CISCO-OSPF-MIB?module=CISCO-OSPF-MIB&amp;revision=2003-07-18</capability>
<capability>urn:ietf:params:xml:ns:yang:smiv2:CISCO-OSPF-TRAP-MIB?module=CISCO-OSPF-TRAP-MIB&amp;revision=2003-07-18</capability>
<capability>urn:ietf:params:xml:ns:yang:smiv2:CISCO-PIM-MIB?module=CISCO-PIM-MIB&amp;revision=2000-11-02</capability>
<capability>urn:ietf:params:xml:ns:yang:smiv2:CISCO-PING-MIB?module=CISCO-PING-MIB&amp;revision=2001-08-28</capability>
<capability>urn:ietf:params:xml:ns:yang:smiv2:CISCO-POWER-ETHERNET-EXT-MIB?module=CISCO-POWER-ETHERNET-EXT-MIB&amp;revision=2018-01-19</capability>
<capability>urn:ietf:params:xml:ns:yang:smiv2:CISCO-PROCESS-MIB?module=CISCO-PROCESS-MIB&amp;revision=2011-06-23</capability>
<capability>urn:ietf:params:xml:ns:yang:smiv2:CISCO-PRODUCTS-MIB?module=CISCO-PRODUCTS-MIB&amp;revision=2014-11-06</capability>
<capability>urn:ietf:params:xml:ns:yang:smiv2:CISCO-PTP-MIB?module=CISCO-PTP-MIB&amp;revision=2011-01-28</capability>
<capability>urn:ietf:params:xml:ns:yang:smiv2:CISCO-QOS-PIB-MIB?module=CISCO-QOS-PIB-MIB&amp;revision=2007-08-29</capability>
<capability>urn:ietf:params:xml:ns:yang:smiv2:CISCO-RADIUS-EXT-MIB?module=CISCO-RADIUS-EXT-MIB&amp;revision=2010-05-25</capability>
<capability>urn:ietf:params:xml:ns:yang:smiv2:CISCO-RF-MIB?module=CISCO-RF-MIB&amp;revision=2005-09-01</capability>
<capability>urn:ietf:params:xml:ns:yang:smiv2:CISCO-RTTMON-MIB?module=CISCO-RTTMON-MIB&amp;revision=2012-08-16</capability>
<capability>urn:ietf:params:xml:ns:yang:smiv2:CISCO-RTTMON-TC-MIB?module=CISCO-RTTMON-TC-MIB&amp;revision=2012-05-25</capability>
<capability>urn:ietf:params:xml:ns:yang:smiv2:CISCO-SIP-UA-MIB?module=CISCO-SIP-UA-MIB&amp;revision=2004-02-19</capability>
<capability>urn:ietf:params:xml:ns:yang:smiv2:CISCO-SMI?module=CISCO-SMI&amp;revision=2012-08-29</capability>
<capability>urn:ietf:params:xml:ns:yang:smiv2:CISCO-ST-TC?module=CISCO-ST-TC&amp;revision=2012-08-08</capability>
<capability>urn:ietf:params:xml:ns:yang:smiv2:CISCO-STP-EXTENSIONS-MIB?module=CISCO-STP-EXTENSIONS-MIB&amp;revision=2013-03-07</capability>
<capability>urn:ietf:params:xml:ns:yang:smiv2:CISCO-SYSLOG-MIB?module=CISCO-SYSLOG-MIB&amp;revision=2005-12-03</capability>
<capability>urn:ietf:params:xml:ns:yang:smiv2:CISCO-TAP2-MIB?module=CISCO-TAP2-MIB&amp;revision=2009-11-06</capability>
<capability>urn:ietf:params:xml:ns:yang:smiv2:CISCO-TC?module=CISCO-TC&amp;revision=2011-11-11</capability>
<capability>urn:ietf:params:xml:ns:yang:smiv2:CISCO-UBE-MIB?module=CISCO-UBE-MIB&amp;revision=2010-11-29</capability>
<capability>urn:ietf:params:xml:ns:yang:smiv2:CISCO-UNIFIED-FIREWALL-MIB?module=CISCO-UNIFIED-FIREWALL-MIB&amp;revision=2005-09-22</capability>
<capability>urn:ietf:params:xml:ns:yang:smiv2:CISCO-VLAN-IFTABLE-RELATIONSHIP-MIB?module=CISCO-VLAN-IFTABLE-RELATIONSHIP-MIB&amp;revision=2013-07-15</capability>
<capability>urn:ietf:params:xml:ns:yang:smiv2:CISCO-VLAN-MEMBERSHIP-MIB?module=CISCO-VLAN-MEMBERSHIP-MIB&amp;revision=2007-12-14</capability>
<capability>urn:ietf:params:xml:ns:yang:smiv2:CISCO-VPDN-MGMT-MIB?module=CISCO-VPDN-MGMT-MIB&amp;revision=2009-06-16</capability>
<capability>urn:ietf:params:xml:ns:yang:smiv2:CISCO-VTP-MIB?module=CISCO-VTP-MIB&amp;revision=2013-10-14</capability>
<capability>urn:ietf:params:xml:ns:yang:smiv2:DIFFSERV-DSCP-TC?module=DIFFSERV-DSCP-TC&amp;revision=2002-05-09</capability>
<capability>urn:ietf:params:xml:ns:yang:smiv2:DIFFSERV-MIB?module=DIFFSERV-MIB&amp;revision=2002-02-07</capability>
<capability>urn:ietf:params:xml:ns:yang:smiv2:DISMAN-EVENT-MIB?module=DISMAN-EVENT-MIB&amp;revision=2000-10-16</capability>
<capability>urn:ietf:params:xml:ns:yang:smiv2:DISMAN-EXPRESSION-MIB?module=DISMAN-EXPRESSION-MIB&amp;revision=2000-10-16</capability>
<capability>urn:ietf:params:xml:ns:yang:smiv2:DRAFT-MSDP-MIB?module=DRAFT-MSDP-MIB&amp;revision=1999-12-16</capability>
<capability>urn:ietf:params:xml:ns:yang:smiv2:ENTITY-MIB?module=ENTITY-MIB&amp;revision=2005-08-10</capability>
<capability>urn:ietf:params:xml:ns:yang:smiv2:ENTITY-SENSOR-MIB?module=ENTITY-SENSOR-MIB&amp;revision=2002-12-16</capability>
<capability>urn:ietf:params:xml:ns:yang:smiv2:ENTITY-STATE-MIB?module=ENTITY-STATE-MIB&amp;revision=2005-11-22</capability>
<capability>urn:ietf:params:xml:ns:yang:smiv2:ENTITY-STATE-TC-MIB?module=ENTITY-STATE-TC-MIB&amp;revision=2005-11-22</capability>
<capability>urn:ietf:params:xml:ns:yang:smiv2:ETHER-WIS?module=ETHER-WIS&amp;revision=2003-09-19</capability>
<capability>urn:ietf:params:xml:ns:yang:smiv2:EXPRESSION-MIB?module=EXPRESSION-MIB&amp;revision=2005-11-24</capability>
<capability>urn:ietf:params:xml:ns:yang:smiv2:EtherLike-MIB?module=EtherLike-MIB&amp;revision=2003-09-19</capability>
<capability>urn:ietf:params:xml:ns:yang:smiv2:HCNUM-TC?module=HCNUM-TC&amp;revision=2000-06-08</capability>
<capability>urn:ietf:params:xml:ns:yang:smiv2:IANA-ADDRESS-FAMILY-NUMBERS-MIB?module=IANA-ADDRESS-FAMILY-NUMBERS-MIB&amp;revision=2000-09-08</capability>
<capability>urn:ietf:params:xml:ns:yang:smiv2:IANA-RTPROTO-MIB?module=IANA-RTPROTO-MIB&amp;revision=2000-09-26</capability>
<capability>urn:ietf:params:xml:ns:yang:smiv2:IANAifType-MIB?module=IANAifType-MIB&amp;revision=2006-03-31</capability>
<capability>urn:ietf:params:xml:ns:yang:smiv2:IF-MIB?module=IF-MIB&amp;revision=2000-06-14</capability>
<capability>urn:ietf:params:xml:ns:yang:smiv2:IGMP-STD-MIB?module=IGMP-STD-MIB&amp;revision=2000-09-28</capability>
<capability>urn:ietf:params:xml:ns:yang:smiv2:INET-ADDRESS-MIB?module=INET-ADDRESS-MIB&amp;revision=2005-02-04</capability>
<capability>urn:ietf:params:xml:ns:yang:smiv2:INT-SERV-MIB?module=INT-SERV-MIB&amp;revision=1997-10-03</capability>
<capability>urn:ietf:params:xml:ns:yang:smiv2:INTEGRATED-SERVICES-MIB?module=INTEGRATED-SERVICES-MIB&amp;revision=1995-11-03</capability>
<capability>urn:ietf:params:xml:ns:yang:smiv2:IP-FORWARD-MIB?module=IP-FORWARD-MIB&amp;revision=1996-09-19</capability>
<capability>urn:ietf:params:xml:ns:yang:smiv2:IP-MIB?module=IP-MIB&amp;revision=2006-02-02</capability>
<capability>urn:ietf:params:xml:ns:yang:smiv2:IPMROUTE-STD-MIB?module=IPMROUTE-STD-MIB&amp;revision=2000-09-22</capability>
<capability>urn:ietf:params:xml:ns:yang:smiv2:IPV6-FLOW-LABEL-MIB?module=IPV6-FLOW-LABEL-MIB&amp;revision=2003-08-28</capability>
<capability>urn:ietf:params:xml:ns:yang:smiv2:LLDP-MIB?module=LLDP-MIB&amp;revision=2005-05-06</capability>
<capability>urn:ietf:params:xml:ns:yang:smiv2:MPLS-VPN-MIB?module=MPLS-VPN-MIB&amp;revision=2001-10-15</capability>
<capability>urn:ietf:params:xml:ns:yang:smiv2:NHRP-MIB?module=NHRP-MIB&amp;revision=1999-08-26</capability>
<capability>urn:ietf:params:xml:ns:yang:smiv2:NOTIFICATION-LOG-MIB?module=NOTIFICATION-LOG-MIB&amp;revision=2000-11-27</capability>
<capability>urn:ietf:params:xml:ns:yang:smiv2:OSPF-MIB?module=OSPF-MIB&amp;revision=2006-11-10</capability>
<capability>urn:ietf:params:xml:ns:yang:smiv2:OSPF-TRAP-MIB?module=OSPF-TRAP-MIB&amp;revision=2006-11-10</capability>
<capability>urn:ietf:params:xml:ns:yang:smiv2:P-BRIDGE-MIB?module=P-BRIDGE-MIB&amp;revision=2006-01-09</capability>
<capability>urn:ietf:params:xml:ns:yang:smiv2:PIM-MIB?module=PIM-MIB&amp;revision=2000-09-28</capability>
<capability>urn:ietf:params:xml:ns:yang:smiv2:POWER-ETHERNET-MIB?module=POWER-ETHERNET-MIB&amp;revision=2003-11-24</capability>
<capability>urn:ietf:params:xml:ns:yang:smiv2:PerfHist-TC-MIB?module=PerfHist-TC-MIB&amp;revision=1998-11-07</capability>
<capability>urn:ietf:params:xml:ns:yang:smiv2:Q-BRIDGE-MIB?module=Q-BRIDGE-MIB&amp;revision=2006-01-09</capability>
<capability>urn:ietf:params:xml:ns:yang:smiv2:RFC-1212?module=RFC-1212</capability>
<capability>urn:ietf:params:xml:ns:yang:smiv2:RFC-1215?module=RFC-1215</capability>
<capability>urn:ietf:params:xml:ns:yang:smiv2:RFC1155-SMI?module=RFC1155-SMI</capability>
<capability>urn:ietf:params:xml:ns:yang:smiv2:RFC1213-MIB?module=RFC1213-MIB</capability>
<capability>urn:ietf:params:xml:ns:yang:smiv2:RFC1315-MIB?module=RFC1315-MIB</capability>
<capability>urn:ietf:params:xml:ns:yang:smiv2:RMON-MIB?module=RMON-MIB&amp;revision=2000-05-11</capability>
<capability>urn:ietf:params:xml:ns:yang:smiv2:RMON2-MIB?module=RMON2-MIB&amp;revision=1996-05-27</capability>
<capability>urn:ietf:params:xml:ns:yang:smiv2:SNMP-FRAMEWORK-MIB?module=SNMP-FRAMEWORK-MIB&amp;revision=2002-10-14</capability>
<capability>urn:ietf:params:xml:ns:yang:smiv2:SNMP-PROXY-MIB?module=SNMP-PROXY-MIB&amp;revision=2002-10-14</capability>
<capability>urn:ietf:params:xml:ns:yang:smiv2:SNMP-TARGET-MIB?module=SNMP-TARGET-MIB&amp;revision=1998-08-04</capability>
<capability>urn:ietf:params:xml:ns:yang:smiv2:SNMPv2-MIB?module=SNMPv2-MIB&amp;revision=2002-10-16</capability>
<capability>urn:ietf:params:xml:ns:yang:smiv2:SNMPv2-TC?module=SNMPv2-TC</capability>
<capability>urn:ietf:params:xml:ns:yang:smiv2:TCP-MIB?module=TCP-MIB&amp;revision=2005-02-18</capability>
<capability>urn:ietf:params:xml:ns:yang:smiv2:TOKEN-RING-RMON-MIB?module=TOKEN-RING-RMON-MIB</capability>
<capability>urn:ietf:params:xml:ns:yang:smiv2:TOKENRING-MIB?module=TOKENRING-MIB&amp;revision=1994-10-23</capability>
<capability>urn:ietf:params:xml:ns:yang:smiv2:TUNNEL-MIB?module=TUNNEL-MIB&amp;revision=2005-05-16</capability>
<capability>urn:ietf:params:xml:ns:yang:smiv2:UDP-MIB?module=UDP-MIB&amp;revision=2005-05-20</capability>
<capability>urn:ietf:params:xml:ns:yang:smiv2:VPN-TC-STD-MIB?module=VPN-TC-STD-MIB&amp;revision=2005-11-15</capability>
<capability>urn:ietf:params:xml:ns:netconf:base:1.0?module=ietf-netconf&amp;revision=2011-06-01</capability>
<capability>urn:ietf:params:xml:ns:yang:ietf-netconf-with-defaults?module=ietf-netconf-with-defaults&amp;revision=2011-06-01</capability>
<capability>
urn:ietf:params:netconf:capability:notification:1.1
</capability>
</capabilities></hello>
