{
  "platforms": {
    "platform": [
      {
        "vendor": "cisco",
        "name": "ASR1000",
        "module-list-file": {
          "owner": "YangModels",
          "path": "vendor/cisco/xe/1693/capability-asr1k.xml",
          "repository": "yang.git"
        },
        "netconf-capabilities": [
          "urn:ietf:params:netconf:capability:notification:1.1",
          "urn:ietf:params:netconf:capability:rollback-on-error:1.0",
          "urn:ietf:params:netconf:capability:with-defaults:1.0?basic-mode=explicit&also-supported=report-all-tagged",
          "urn:ietf:params:netconf:capability:notification:1.0",
          "urn:ietf:params:netconf:base:1.0",
          "urn:ietf:params:netconf:base:1.1",
          "urn:ietf:params:netconf:capability:xpath:1.0",
          "urn:ietf:params:netconf:capability:validate:1.0",
          "urn:ietf:params:netconf:capability:validate:1.1",
          "urn:ietf:params:netconf:capability:writable-running:1.0",
          "urn:ietf:params:netconf:capability:interleave:1.0"
        ],
        "os-type": "IOS-XE",
        "product-ids": [
          "ALL"
        ],
        "software-flavor": "ALL",
        "software-version": "16.9.3"
      },
      {
        "vendor": "cisco",
        "name": "CSR1000V",
        "module-list-file": {
          "owner": "YangModels",
          "path": "vendor/cisco/xe/1693/capability-csr1k.xml",
          "repository": "yang.git"
        },
        "netconf-capabilities": [
          "urn:ietf:params:netconf:capability:notification:1.1",
          "urn:ietf:params:netconf:capability:rollback-on-error:1.0",
          "urn:ietf:params:netconf:capability:with-defaults:1.0?basic-mode=explicit&also-supported=report-all-tagged",
          "urn:ietf:params:netconf:capability:notification:1.0",
          "urn:ietf:params:netconf:base:1.0",
          "urn:ietf:params:netconf:base:1.1",
          "urn:ietf:params:netconf:capability:xpath:1.0",
          "urn:ietf:params:netconf:capability:validate:1.0",
          "urn:ietf:params:netconf:capability:validate:1.1",
          "urn:ietf:params:netconf:capability:writable-running:1.0",
          "urn:ietf:params:netconf:capability:interleave:1.0"
        ],
        "os-type": "IOS-XE",
        "product-ids": [
          "ALL"
        ],
        "software-flavor": "ALL",
        "software-version": "16.9.3"
      },
      {
        "vendor": "cisco",
        "name": "ISR4000",
        "module-list-file": {
          "owner": "YangModels",
          "path": "vendor/cisco/xe/1693/capability-isr4k.xml",
          "repository": "yang.git"
        },
        "netconf-capabilities": [
          "urn:ietf:params:netconf:capability:notification:1.1",
          "urn:ietf:params:netconf:capability:rollback-on-error:1.0",
          "urn:ietf:params:netconf:capability:with-defaults:1.0?basic-mode=explicit&also-supported=report-all-tagged",
          "urn:ietf:params:netconf:capability:notification:1.0",
          "urn:ietf:params:netconf:base:1.0",
          "urn:ietf:params:netconf:base:1.1",
          "urn:ietf:params:netconf:capability:xpath:1.0",
          "urn:ietf:params:netconf:capability:validate:1.0",
          "urn:ietf:params:netconf:capability:validate:1.1",
          "urn:ietf:params:netconf:capability:writable-running:1.0",
          "urn:ietf:params:netconf:capability:interleave:1.0"
        ],
        "os-type": "IOS-XE",
        "product-ids": [
          "ALL"
        ],
        "software-flavor": "ALL",
        "software-version": "16.9.3"
      },
      {
        "vendor": "cisco",
        "name": "ISR1000",
        "module-list-file": {
          "owner": "YangModels",
          "path": "vendor/cisco/xe/1693/capability-isr1k.xml",
          "repository": "yang.git"
        },
        "netconf-capabilities": [
          "urn:ietf:params:netconf:capability:notification:1.1",
          "urn:ietf:params:netconf:capability:rollback-on-error:1.0",
          "urn:ietf:params:netconf:capability:with-defaults:1.0?basic-mode=explicit&also-supported=report-all-tagged",
          "urn:ietf:params:netconf:capability:notification:1.0",
          "urn:ietf:params:netconf:base:1.0",
          "urn:ietf:params:netconf:base:1.1",
          "urn:ietf:params:netconf:capability:xpath:1.0",
          "urn:ietf:params:netconf:capability:validate:1.0",
          "urn:ietf:params:netconf:capability:validate:1.1",
          "urn:ietf:params:netconf:capability:writable-running:1.0",
          "urn:ietf:params:netconf:capability:interleave:1.0"
        ],
        "os-type": "IOS-XE",
        "product-ids": [
          "ALL"
        ],
        "software-flavor": "ALL",
        "software-version": "16.9.3"
      },
      {
        "vendor": "cisco",
        "name": "ASR900",
        "module-list-file": {
          "owner": "YangModels",
          "path": "vendor/cisco/xe/1693/capability-asr900.xml",
          "repository": "yang.git"
        },
        "netconf-capabilities": [
          "urn:ietf:params:netconf:capability:notification:1.1",
          "urn:ietf:params:netconf:capability:rollback-on-error:1.0",
          "urn:ietf:params:netconf:capability:with-defaults:1.0?basic-mode=explicit&also-supported=report-all-tagged",
          "urn:ietf:params:netconf:capability:notification:1.0",
          "urn:ietf:params:netconf:base:1.0",
          "urn:ietf:params:netconf:base:1.1",
          "urn:ietf:params:netconf:capability:xpath:1.0",
          "urn:ietf:params:netconf:capability:validate:1.0",
          "urn:ietf:params:netconf:capability:validate:1.1",
          "urn:ietf:params:netconf:capability:writable-running:1.0",
          "urn:ietf:params:netconf:capability:interleave:1.0"
        ],
        "os-type": "IOS-XE",
        "product-ids": [
          "ALL"
        ],
        "software-flavor": "ALL",
        "software-version": "16.9.3"
      },
      {
        "vendor": "cisco",
        "name": "RSP2/RSP3",
        "module-list-file": {
          "owner": "YangModels",
          "path": "vendor/cisco/xe/1693/capability-asr900.xml",
          "repository": "yang.git"
        },
        "netconf-capabilities": [
          "urn:ietf:params:netconf:capability:notification:1.1",
          "urn:ietf:params:netconf:capability:rollback-on-error:1.0",
          "urn:ietf:params:netconf:capability:with-defaults:1.0?basic-mode=explicit&also-supported=report-all-tagged",
          "urn:ietf:params:netconf:capability:notification:1.0",
          "urn:ietf:params:netconf:base:1.0",
          "urn:ietf:params:netconf:base:1.1",
          "urn:ietf:params:netconf:capability:xpath:1.0",
          "urn:ietf:params:netconf:capability:validate:1.0",
          "urn:ietf:params:netconf:capability:validate:1.1",
          "urn:ietf:params:netconf:capability:writable-running:1.0",
          "urn:ietf:params:netconf:capability:interleave:1.0"
        ],
        "os-type": "IOS-XE",
        "product-ids": [
          "ALL"
        ],
        "software-flavor": "ALL",
        "software-version": "16.9.3"
      },
      {
        "vendor": "cisco",
        "name": "ASR920",
        "module-list-file": {
          "owner": "YangModels",
          "path": "vendor/cisco/xe/1693/capability-asr900.xml",
          "repository": "yang.git"
        },
        "netconf-capabilities": [
          "urn:ietf:params:netconf:capability:notification:1.1",
          "urn:ietf:params:netconf:capability:rollback-on-error:1.0",
          "urn:ietf:params:netconf:capability:with-defaults:1.0?basic-mode=explicit&also-supported=report-all-tagged",
          "urn:ietf:params:netconf:capability:notification:1.0",
          "urn:ietf:params:netconf:base:1.0",
          "urn:ietf:params:netconf:base:1.1",
          "urn:ietf:params:netconf:capability:xpath:1.0",
          "urn:ietf:params:netconf:capability:validate:1.0",
          "urn:ietf:params:netconf:capability:validate:1.1",
          "urn:ietf:params:netconf:capability:writable-running:1.0",
          "urn:ietf:params:netconf:capability:interleave:1.0"
        ],
        "os-type": "IOS-XE",
        "product-ids": [
          "ALL"
        ],
        "software-flavor": "ALL",
        "software-version": "16.9.3"
      },
      {
        "vendor": "cisco",
        "name": "NCS4200",
        "module-list-file": {
          "owner": "YangModels",
          "path": "vendor/cisco/xe/1693/capability-asr900.xml",
          "repository": "yang.git"
        },
        "netconf-capabilities": [
          "urn:ietf:params:netconf:capability:notification:1.1",
          "urn:ietf:params:netconf:capability:rollback-on-error:1.0",
          "urn:ietf:params:netconf:capability:with-defaults:1.0?basic-mode=explicit&also-supported=report-all-tagged",
          "urn:ietf:params:netconf:capability:notification:1.0",
          "urn:ietf:params:netconf:base:1.0",
          "urn:ietf:params:netconf:base:1.1",
          "urn:ietf:params:netconf:capability:xpath:1.0",
          "urn:ietf:params:netconf:capability:validate:1.0",
          "urn:ietf:params:netconf:capability:validate:1.1",
          "urn:ietf:params:netconf:capability:writable-running:1.0",
          "urn:ietf:params:netconf:capability:interleave:1.0"
        ],
        "os-type": "IOS-XE",
        "product-ids": [
          "ALL"
        ],
        "software-flavor": "ALL",
        "software-version": "16.9.3"
      },
      {
	"vendor": "cisco",
        "name": "CAT3650",
        "module-list-file": {
          "owner": "YangModels",
          "path": "vendor/cisco/xe/1693/capability-cat3k.xml",
          "repository": "yang.git"
        },
	"netconf-capabilities": [
          "urn:ietf:params:netconf:capability:notification:1.1",
          "urn:ietf:params:netconf:capability:rollback-on-error:1.0",
          "urn:ietf:params:netconf:capability:with-defaults:1.0?basic-mode=explicit&also-supported=report-all-tagged",
          "urn:ietf:params:netconf:capability:notification:1.0",
          "urn:ietf:params:netconf:base:1.0",
          "urn:ietf:params:netconf:base:1.1",
          "urn:ietf:params:netconf:capability:xpath:1.0",
          "urn:ietf:params:netconf:capability:validate:1.0",
          "urn:ietf:params:netconf:capability:validate:1.1",
          "urn:ietf:params:netconf:capability:writable-running:1.0",
          "urn:ietf:params:netconf:capability:interleave:1.0"
        ],
	"os-type": "IOS-XE",
        "product-ids": [
          "ALL"
        ],
        "software-flavor": "ALL",
        "software-version": "16.9.3"
      },
      {
        "vendor": "cisco",
        "name": "CAT3850",
        "module-list-file": {
          "owner": "YangModels",
          "path": "vendor/cisco/xe/1693/capability-cat3k.xml",
          "repository": "yang.git"
        },
        "netconf-capabilities": [
          "urn:ietf:params:netconf:capability:notification:1.1",
          "urn:ietf:params:netconf:capability:rollback-on-error:1.0",
          "urn:ietf:params:netconf:capability:with-defaults:1.0?basic-mode=explicit&also-supported=report-all-tagged",
          "urn:ietf:params:netconf:capability:notification:1.0",
          "urn:ietf:params:netconf:base:1.0",
          "urn:ietf:params:netconf:base:1.1",
          "urn:ietf:params:netconf:capability:xpath:1.0",
          "urn:ietf:params:netconf:capability:validate:1.0",
          "urn:ietf:params:netconf:capability:validate:1.1",
          "urn:ietf:params:netconf:capability:writable-running:1.0",
          "urn:ietf:params:netconf:capability:interleave:1.0"
        ],
        "os-type": "IOS-XE",
        "product-ids": [
          "ALL"
        ],
        "software-flavor": "ALL",
        "software-version": "16.9.3"
      },
      {
        "vendor": "cisco",
        "name": "CAT9300",
        "module-list-file": {
          "owner": "YangModels",
          "path": "vendor/cisco/xe/1693/capability-cat9300.xml",
          "repository": "yang.git"
        },
        "netconf-capabilities": [
          "urn:ietf:params:netconf:capability:notification:1.1",
          "urn:ietf:params:netconf:capability:rollback-on-error:1.0",
          "urn:ietf:params:netconf:capability:with-defaults:1.0?basic-mode=explicit&also-supported=report-all-tagged",
          "urn:ietf:params:netconf:capability:notification:1.0",
          "urn:ietf:params:netconf:base:1.0",
          "urn:ietf:params:netconf:base:1.1",
          "urn:ietf:params:netconf:capability:xpath:1.0",
          "urn:ietf:params:netconf:capability:validate:1.0",
          "urn:ietf:params:netconf:capability:validate:1.1",
          "urn:ietf:params:netconf:capability:writable-running:1.0",
          "urn:ietf:params:netconf:capability:interleave:1.0"
        ],
        "os-type": "IOS-XE",
        "product-ids": [
          "ALL"
        ],
        "software-flavor": "ALL",
        "software-version": "16.9.3"
      },
      {
        "vendor": "cisco",
        "name": "CAT9500",
        "module-list-file": {
          "owner": "YangModels",
          "path": "vendor/cisco/xe/1693/capability-cat9500.xml",
          "repository": "yang.git"
        },
        "netconf-capabilities": [
          "urn:ietf:params:netconf:capability:notification:1.1",
          "urn:ietf:params:netconf:capability:rollback-on-error:1.0",
          "urn:ietf:params:netconf:capability:with-defaults:1.0?basic-mode=explicit&also-supported=report-all-tagged",
          "urn:ietf:params:netconf:capability:notification:1.0",
          "urn:ietf:params:netconf:base:1.0",
          "urn:ietf:params:netconf:base:1.1",
          "urn:ietf:params:netconf:capability:xpath:1.0",
          "urn:ietf:params:netconf:capability:validate:1.0",
          "urn:ietf:params:netconf:capability:validate:1.1",
          "urn:ietf:params:netconf:capability:writable-running:1.0",
          "urn:ietf:params:netconf:capability:interleave:1.0"
        ],
        "os-type": "IOS-XE",
        "product-ids": [
          "ALL"
        ],
        "software-flavor": "ALL",
        "software-version": "16.9.3"
      },
      {
        "vendor": "cisco",
        "name": "CAT9400",
        "module-list-file": {
          "owner": "YangModels",
          "path": "vendor/cisco/xe/1693/capability-cat9400.xml",
          "repository": "yang.git"
        },
        "netconf-capabilities": [
          "urn:ietf:params:netconf:capability:notification:1.1",
          "urn:ietf:params:netconf:capability:rollback-on-error:1.0",
          "urn:ietf:params:netconf:capability:with-defaults:1.0?basic-mode=explicit&also-supported=report-all-tagged",
          "urn:ietf:params:netconf:capability:notification:1.0",
          "urn:ietf:params:netconf:base:1.0",
          "urn:ietf:params:netconf:base:1.1",
          "urn:ietf:params:netconf:capability:xpath:1.0",
          "urn:ietf:params:netconf:capability:validate:1.0",
          "urn:ietf:params:netconf:capability:validate:1.1",
          "urn:ietf:params:netconf:capability:writable-running:1.0",
          "urn:ietf:params:netconf:capability:interleave:1.0"
        ],
        "os-type": "IOS-XE",
        "product-ids": [
          "ALL"
        ],
        "software-flavor": "ALL",
        "software-version": "16.9.3"
      },
      {
        "vendor": "cisco",
        "name": "CBR-8",
        "module-list-file": {
          "owner": "YangModels",
          "path": "vendor/cisco/xe/1693/capability-cbr.xml",
          "repository": "yang.git"
        },
        "netconf-capabilities": [
          "urn:ietf:params:netconf:capability:notification:1.1",
          "urn:ietf:params:netconf:capability:rollback-on-error:1.0",
          "urn:ietf:params:netconf:capability:with-defaults:1.0?basic-mode=explicit&also-supported=report-all-tagged",
          "urn:ietf:params:netconf:capability:notification:1.0",
          "urn:ietf:params:netconf:base:1.0",
          "urn:ietf:params:netconf:base:1.1",
          "urn:ietf:params:netconf:capability:xpath:1.0",
          "urn:ietf:params:netconf:capability:validate:1.0",
          "urn:ietf:params:netconf:capability:validate:1.1",
          "urn:ietf:params:netconf:capability:writable-running:1.0",
          "urn:ietf:params:netconf:capability:interleave:1.0"
        ],
        "os-type": "IOS-XE",
        "product-ids": [
          "ALL"
        ],
        "software-flavor": "ALL",
        "software-version": "16.9.3"
      }
    ]
  }
}
